entity,Product,Target Customer,Entry Price (USD/mo),Top Tier Price (USD/mo),Pricing Model,Free Tier or Trial,Core Features (comma-separated),Review Sites Covered,AI Response Generation,Human-in-Loop,Legal / Defamation Awareness,Published ROI Model,Published Pricing Transparency,Single-Location Friendly,Notable Strengths,Notable Weaknesses,Sources
Google Business Profile Premium features restaurants 2025,Google Business Profile,"Independent single-site restaurants, multi-location chains, enterprise franchises",$0,$0 (free; optional premium badges like Google Guaranteed $50/mo for eligible services),Free,Free tier (full product is free),"profile management, review responses, posts/updates, menu display, photos/videos, reservations (Reserve with Google), online ordering, insights/analytics, messaging/Q&A",Google only,No,N/A (manual responses),"Flag violating reviews per Google policies (spam, fake reviews); no specific FTC/defamation features",No published ROI model,Fully transparent (free),Yes,"Free, high visibility in Google Search/Maps, easy for single locations, integrates reservations/ordering, strong local SEO impact [G2 reviews](https://www.g2.com/products/google-my-business/reviews), [Google official](https://business.google.com/us/business-profile/restaurants/)","Limited to Google reviews (no Yelp/TripAdvisor), occasional suspensions/verification issues, slow support for disputes, no AI responses/automation [G2 reviews](https://www.g2.com/products/google-my-business/reviews)","[Google Restaurants Page](https://business.google.com/us/business-profile/restaurants/), [G2 Reviews](https://www.g2.com/products/google-my-business/reviews), [Ethos Guide 2025](https://ethosm2.com/complete-guide-to-google-business-profile-setup-for-2025/), [Reputation Premium Article](https://reputation.com/resources/articles/premium-google-my-business-features), [Support Manage Reviews](https://support.google.com/business/answer/3474050?hl=en)"
TrustYou hospitality reputation features,TrustYou CXP,"Hotels, restaurants, hospitality (single properties to chains/enterprises)",$75,$180 (CXP); $350 (CDP),"Per property/month, billed annually",Free trial available [Capterra](https://www.capterra.com/p/158139/TrustYou/),"Centralized review inbox, AI response generation, sentiment analysis, competitor benchmarking, surveys, dashboards, reporting, marketing widgets, multilingual support","Google, Booking.com, Expedia, TripAdvisor, OTAs, review sites (200+ sources) [TrustYou](https://www.trustyou.com/blog/inside-ty/and-the-winner-is-trustyou-reveals-top-performing-review-sources/), [Capterra](https://www.capterra.com/p/158139/TrustYou/)","Yes, ResponseAI generates personalized replies in brand voice, multilingual [TrustYou CXP](https://www.trustyou.com/products/customer_experience_platform/)","Yes, optional; responses editable before posting [TrustYou CXP](https://www.trustyou.com/products/customer_experience_platform/)","GDPR/CCPA compliance, secure data; no specific fake-review/defamation mentions [TrustYou CXP](https://www.trustyou.com/products/customer_experience_platform/)","Generic claims (e.g., 4x response speed, direct bookings); no defensible model with citations [TrustYou](https://www.trustyou.com/blog/insights/ratings-impact-revenue/)","Yes, public pricing pages [TrustYou Pricing](https://www.trustyou.com/pricing/cxp/)","Yes, per-property pricing starts low [TrustYou Pricing](https://www.trustyou.com/pricing/cxp/)","Aggregates reviews from many sources in one inbox, competitor benchmarking, performance analytics, easy to use, high rankings (#2 HotelTechAwards 2026) [Hotel Tech Report](https://www.trustyou.com/blog/technology/htr-awards-top-reputation-management-2026/), [Capterra](https://www.capterra.com/p/158139/TrustYou/)","Expensive especially multi-location, basic features vs competitors, delays in review counting, poor support/billing issues in some reviews [Capterra](https://www.capterra.com/p/158139/TrustYou/), [G2](https://www.g2.com/products/trustyou/reviews)","[TrustYou CXP](https://www.trustyou.com/products/customer_experience_platform/), [TrustYou Pricing](https://www.trustyou.com/pricing/cxp/), [Capterra](https://www.capterra.com/p/158139/TrustYou/), [G2](https://www.g2.com/products/trustyou/reviews), [Hotel Tech Report](https://www.trustyou.com/blog/technology/htr-awards-top-reputation-management-2026/), [PulseSignal](https://getpulsesignal.com/pricing/trustyou)"
Yelp for Business paid advertising restaurant features,Yelp for Business (Reviews & Ads),"Independent single-site restaurants, multi-location groups",$150 (Ads minimum),"$1,500+ (high spend)",CPC / monthly budget for Ads; flat monthly for Guest Manager ($99+),Free basic page & responses; 14-day trial for Upgrades,"Respond to reviews, business page management, ads for visibility, Guest Manager reservations/waitlist (restaurants)",Primarily Yelp; reservations via Google/Apple Maps,No native AI response generation,N/A (manual responses),Emphasizes no review manipulation; report violations; FTC-compliant ([Yelp FAQ](https://business.yelp.com/restaurants/frequently-asked-questions/)),17% lift in diner bookings with Guest Manager + Ads ([Yelp FAQ](https://business.yelp.com/restaurants/frequently-asked-questions/)); case studies 40:1 ROAS ([Embark](https://www.embark-marketing.com/yelp-ads-case-study-acenar-restaurant-results/)),"Partially public (min $150 Ads, $99 Guest Manager [G2](https://www.g2.com/products/yelp-guest-manager/pricing)); details quote-based",Yes,"Free basic tools, easy reservations, strong diner network, accurate wait times ([Yelp Products](https://business.yelp.com/restaurants/products/))","Opaque full pricing, aggressive sales, no multi-site review aggregation beyond Yelp, limited AI responses ([G2](https://www.g2.com/products/yelp-advertising/reviews), [iCatch](https://www.icatchgroup.com/how-much-do-yelp-ads-cost-2026-pricing/))","[Yelp Products](https://business.yelp.com/products/), [Yelp Restaurants](https://business.yelp.com/restaurants/products/), [Yelp FAQ](https://business.yelp.com/restaurants/frequently-asked-questions/), [G2 Guest Manager](https://www.g2.com/products/yelp-guest-manager/pricing), [Yelp Upgrades](https://business.yelp.com/products/upgrades/), [Embark Case](https://www.embark-marketing.com/yelp-ads-case-study-acenar-restaurant-results/), [iCatch Pricing](https://www.icatchgroup.com/how-much-do-yelp-ads-cost-2026-pricing/), [Capterra Reviews](https://www.capterra.com/p/130358/Yelp-Reservations/reviews/)"
Reputation.com restaurant reputation platform features,Reputation.com,"Multi-location restaurant chains, franchises, enterprise hospitality brands",$80 per location,$150+ per location (enterprise custom),"Per-location/month, quote-based for enterprise",None mentioned,"review aggregation (250+ sites), listings management, surveys/SMS requests, RepScore, competitive benchmarking, sentiment analysis, AI insights, social suite, ticketing","Google, Yelp, TripAdvisor (premium), 250+ total",AI-powered insights and platform; no explicit review response generation,Brand-approved templates/workflows; approval for multi-location,None mentioned,Generic sales growth claims; no cited model,Core plans public; enterprise quote-based,Possible but poor fit due to per-location pricing and complexity,"Multi-location governance, deep analytics, time-saving centralized dashboard [FeedbackRobot](https://www.feedbackrobot.com/articles/restaurant-reputation-management-tools), [Trustpilot](https://www.trustpilot.com/review/www.reputation.com)","Expensive per-location model, complex for small ops, opaque enterprise pricing [EmbedMyReviews](https://www.embedmyreviews.com/compare/embedmyreviews-vs-reputation-com/), [FeedbackRobot](https://www.feedbackrobot.com/articles/restaurant-reputation-management-tools)","[Reputation Pricing](https://reputation.com/pricing), [Food & Beverage](https://reputation.com/solutions/industries/food-beverage), [Reputation.com](https://reputation.com), [FeedbackRobot](https://www.feedbackrobot.com/articles/restaurant-reputation-management-tools), [EmbedMyReviews](https://www.embedmyreviews.com/compare/embedmyreviews-vs-reputation-com/), [Trustpilot](https://www.trustpilot.com/review/www.reputation.com)"
Grade.us review management agency features,Grade.us,"Marketing agencies, resellers, SEO specialists, multi-location businesses, franchises, enterprises; Solo plan for single-location owners","$110 (Solo, 1 seat)","$2,500 (Partner, 100 seats)","Per seat/user/location/mo, tiered volume discounts","14-day free trial (no CC, 3 seats, most features)","review funnel/requests (email/SMS/MMS drip campaigns, kiosk mode, widgets/QR), monitoring 100+ sites, response tools (direct to Google/FB), marketing (streams/widgets/social auto-share, carousel), reporting (scheduled/white-label), white-label (basic free, premium $440/yr), integrations (API/Zapier/WordPress), listings partner","Google, Facebook, Yelp, +100 industry-specific/major/minor/local sites",No,N/A (manual responses),No specific mentions; Google-compliant kiosk mode,ROI calculator for agencies (MRR/gross margin based on seats/resale pricing),"Yes, public tiered pricing on site",Yes (Solo $110/mo 1 seat),"Ease of use, white-label for agencies, review generation funnel, excellent support, value for agencies/multi-location, 150+ site integrations","Price increases, high for small users/international (exchange rates), limited support hours/timezones, less flexible customization, dated interface for some","[Grade.us Pricing](https://www.grade.us/home/plans/), [Grade.us Homepage](https://www.grade.us/), [Grade.us Review Monitoring](https://www.grade.us/home/review-monitoring/), [Grade.us Review Generation](https://www.grade.us/home/review-generation/), [Capterra Reviews](https://www.capterra.com/p/137378/Grade-us/reviews/), [G2 Reviews](https://www.g2.com/products/grade-us/reviews), [Capterra Pricing](https://www.capterra.com/p/137378/Grade-us/pricing/)"
Podium reputation management restaurants 2025,Podium,"Local businesses including restaurants/hospitality, small-multi location chains, Signature for established multi-location",$249-399 (Core/Essentials),$599+ custom (Signature/Enterprise),"Quote-based, per-location add-ons",None mentioned,"SMS/email review requests, aggregation 20+ sites, AI responses, all-in-one inbox, automations, reporting, payments, messaging","Google, Facebook, Yelp, 20+ others","Yes, AI Reputation Specialist for replies/invites",Optional/not specified,None mentioned,"Generic claims only (e.g. double reviews), no cited model","No, quote-based/opaque",Yes but expensive for small/single-location,"Easy use, central inbox, SMS review velocity, AI saves time, local SEO boost [G2](https://www.g2.com/products/podium/reviews), [Podium](https://podium.com/product/reviews/)","High cost for small biz, poor support/cancellations, limited customization [CrazyEgg](https://www.crazyegg.com/blog/podium-review/), [G2](https://www.g2.com/products/podium/reviews), [WiserReview](https://wiserreview.com/blog/podium-pricing/)","[Podium Reviews](https://podium.com/product/reviews/), [Podium Pricing](https://www.podium.com/getpricing), [CrazyEgg](https://www.crazyegg.com/blog/podium-review/), [Birdeye](https://birdeye.com/tools/podium-reviews/), [WiserReview](https://wiserreview.com/blog/podium-pricing/), [SocialPilot](https://www.socialpilot.co/reviews/blogs/podium-pricing), [FeedbackRobot](https://www.feedbackrobot.com/articles/restaurant-reputation-management-tools), [G2](https://www.g2.com/products/podium/reviews)"
ReviewTrackers restaurants features pricing,ReviewTrackers,Multi-location restaurant groups and chains,$89 (1 location),Custom (Essential + add-ons),"Per-location, quote-based",Free trial,"review aggregation (100+ sites), AI review responses, review requests (SMS/email), dashboards/alerts, competitor insights, experience analysis, listings management (add-on), white-label (add-on), surveys","Google, Yelp, Facebook, TripAdvisor, OpenTable, Trustpilot, BBB + 100+ others","Yes, AI-generated Smart Responses",Likely optional (templates stay on-brand),No mentions,No specific published model (generic revenue claims),"Partially published (starting price on G2, full quote-based)","Yes, starts at 1 location but scales better for multi","Ease of use, comprehensive aggregation, affordable for SMBs, good support, clean dashboards","A la carte add-ons increase cost, some direct response limitations, enterprise shift post-acquisition, opaque full pricing","[ReviewTrackers Plans](https://www.reviewtrackers.com/plans/), [ReviewTrackers Reputation Software](https://www.reviewtrackers.com/reputation-management-software/), [G2 Pricing](https://www.g2.com/products/reviewtrackers/pricing), [FeedbackRobot Analysis](https://www.feedbackrobot.com/articles/restaurant-reputation-management-tools), [G2 Reviews](https://www.g2.com/products/reviewtrackers/reviews), [Capterra Reviews](https://www.capterra.com/p/140801/ReviewTrackers/), [Hootsuite](https://help.hootsuite.com/s/article/review-trackers), [ReviewTrackers Restaurants](https://www.reviewtrackers.com/rta/dining/)"
Birdeye reputation platform restaurants pricing features,Birdeye,"Multi-location chains, enterprise franchises, some single-location (local brands)",$299/location,$449+/location (custom for enterprise),"Per-location monthly subscription, volume discounts for multi-location",Free trial (no free tier),"review aggregation, AI review generation requests, AI response generation, listings management, sentiment analysis, competitive benchmarking, social posting, surveys, dashboards, workflow management","Google, Yelp, Facebook, TripAdvisor, Expedia, OpenTable, Zomato, Instagram, 150+ sites","Yes, Birdeye Review Response Agent drafts personalized responses",Optional (approvals can be kept in place),"No mentions of legal risks, defamation, FTC rules, or fake review compliance","Average 128% review increase in 90 days, 71% response rate; generic claims, no defensible revenue model with citations","No (quote-based, not listed on site)","Limited (high per-location cost ~$299/mo, better for multi with discounts)","Centralized multi-location management, comprehensive AI agents, broad review site coverage, high G2 ratings (4.7-4.8/5), strong case studies in hospitality","Expensive for single-locations, opaque/quote-based pricing, per-location scaling punishes independents, load speed issues for many locations, strict contracts reported","[Birdeye Restaurant Blog](https://birdeye.com/blog/restaurant-reputation-management/), [Birdeye Hotel Blog](https://birdeye.com/blog/hotel-review-management/), [Emitrr Birdeye Pricing](https://emitrr.com/blog/birdeye-pricing/), [SocialPilot Birdeye Pricing](https://www.socialpilot.co/reviews/blogs/birdeye-pricing), [Reviewflowz Pricing](https://www.reviewflowz.com/blog/how-much-does-birdeye-really-cost), [G2 Birdeye](https://www.g2.com/products/birdeye/reviews), [Birdeye Hospitality](https://birdeye.com/hospitality/)"
SOCi CoMarketing Cloud multi-location restaurant reputation,SOCi CoMarketing Cloud,"Multi-location restaurant chains, QSRs, casual dining, franchises (e.g., Bar Louie, Jersey Mike’s)","~$1,900 (annual avg $23k, custom quote-based)","~$5,200+ (annual $62k+, custom)","Custom quote-based, per-location scaling ($100-500/location/year)","Demo only, no free tier/trial","Review aggregation/response, AI-generated responses, listings management (Google, Yelp, etc.), sentiment analysis, competitive benchmarking, social posting, surveys/forms, chatbots, dashboards, workflow escalation, analytics","Google, Yelp, Facebook, Apple Maps, Grubhub, Uber Eats, TripAdvisor (major platforms), delivery apps","Yes, Genius Reputation Agent generates personalized, on-brand responses automatically","Yes, optional/required for sensitive/high-risk reviews (escalation for legal/safety)","Yes, escalates sensitive reviews (legal threats, discrimination); fake review protocols, compliance guidelines (no incentives, PII handling)","Yes, 192% ROI payback <6 months, $2.1B brand value recaptured (vendor claims)","No, custom quotes only, not publicly listed","No, enterprise multi-location focus, not ideal for independents","Ease of use, centralized multi-location management, AI review responses, time savings (75% less time), strong G2/Capterra ratings (4.5/5)","Opaque pricing, bugs/glitches (integrations, scheduling), steep learning curve for new users, expensive for small/single-location, lacks small biz plans","[SOCi Restaurants](https://www.soci.ai/industries/restaurants/), [SOCi Reputation Guide](https://www.soci.ai/blog/online-reputation-management/), [SOCi Home](https://www.soci.ai), [G2 Reviews](https://www.g2.com/products/soci/reviews), [Capterra Reviews](https://www.capterra.com/p/173850/SOCi/reviews/), [SocialRails Pricing](https://socialrails.com/blog/soci-pricing), [SOCi vs Yext](https://www.soci.ai/blog/soci-vs-yext-for-multi-location-brands/)"
NiceJob review management small business features,NiceJob,Small local businesses including independent single-site restaurants/cafes and small multi-location hospitality,$75,$125,Flat monthly per business; custom/quote for multi-location/enterprise,"14-day free trial, no credit card","automated SMS/email review requests, review aggregation/dashboard, social proof widgets/sharing, AI replies (Pro), referrals/booking reminders (Pro), competitor insights (Pro), integrations (Jobber, Zapier, Libro)","Google, Facebook, TripAdvisor, BBB, Capterra, G2, Homestars, CitySearch, Zillow (10+ total)",Yes (Pro plan),"Optional (auto available in Pro, manual always possible)",None mentioned,Generic claims (4x reviews); no defensible model,Partially (tiers listed on G2/Capterra; official custom for multi-loc),Yes,"Easy automation/setup, excellent support, seamless integrations, rapid review growth (e.g., 40 5-star in 6mo)","Clunky for multi-locations, occasional bugs/login issues, limited customization/CRM, scales poorly for agencies","[G2 Pricing](https://www.g2.com/products/nicejob/pricing), [G2 Reviews](https://www.g2.com/products/nicejob/reviews), [Capterra](https://www.capterra.com/p/142037/NiceJob/), [Official Pricing](https://get.nicejob.com/pricing), [Hospitality Page](https://get.nicejob.com/hospitality-reputation-marketing-software), [Main Site](https://get.nicejob.com), [Review Sites Help](https://help.nicejob.com/en/articles/1114653-which-review-sites-does-nicejob-work-with), [Replies Help](https://help.nicejob.com/en/articles/5420042-how-can-i-respond-to-reviews-on-nicejob), [Trustpilot](https://www.trustpilot.com/review/get.nicejob.co)"
Ovation guest feedback restaurants features pricing,Ovation Up,"Multi-unit restaurant chains, enterprise brands; adaptable for smaller brands/single-locations",$99 (Basic per user/mo per Capterra; actual quote-based),Custom/quote-based (no public top tier),"Per user/month listed on Capterra; primarily per-location, quote-based custom",Free trial available,"SMS surveys (2-question + long-form), review aggregation (public reviews), AI response generation/suggested replies, guest recovery/winback messaging, listings management (50+ directories), operational insights/dashboards/heatmaps, sentiment analysis, SMS marketing, competitive benchmarking (implied), goals/workflow, white-label options","Various online review sites (Google, others; aggregates public reviews; pushes to select sites), 50+ directories","Yes, AI-suggested replies/responses for recovery and reviews, AI analysis of feedback/goals",Likely optional (AI-suggested for faster response; no explicit requirement),User-noted legal issues with review solicitation; no explicit FTC/defamation features; SOC 2 compliant,"Generic claims (18x feedback, 24x more feedback, uptick in 5-star reviews); no defensible published model with citations","No (quote-based, not publicly listed)",Yes (adapts to smaller brands/handful of locations; valuable for winback/reviews),"Ease of use, real-time feedback/recovery, 5-star review boost, multi-unit insights, customer support, high survey response rates [Capterra](https://www.capterra.com/p/181479/Ovation/), [Ovationup.com](https://ovationup.com)","Opaque quote-based pricing, limited review site push control (legal concerns), manager adoption needed, no public pricing/top tier, longer onboarding [Capterra](https://www.capterra.com/p/181479/Ovation/), [giftoffeedback](https://giftoffeedback.com/compare/ovationup)","[Ovationup.com](https://ovationup.com), [Capterra](https://www.capterra.com/p/181479/Ovation/), [Fast Casual](https://www.fastcasual.com/news/ovation-launches-platform-to-help-restaurants-tackle-online-reputation-crises/), [Gift of Feedback](https://giftoffeedback.com/compare/ovationup), [G2](https://www.g2.com/products/ovation-up-ovation/reviews)"
Chatmeter local SEO reputation multi-location restaurants,Chatmeter,Multi-location restaurant chains and enterprise franchises,"~$1,333 (annual min $16k)","~$3,500 (annual max $42k)","Per-location, quote-based, unlimited users",No free tier or trial mentioned,"review aggregation, AI response generation, review request SMS/email/surveys/QR, listings management (140+ directories), sentiment analysis (Pulse AI), competitive benchmarking, social posting, dashboards, workflow/assignment","Google, Yelp, Facebook, Apple Maps, Uber Eats, DoorDash, Grubhub, 85+ sites","Yes, generative AI for review responses, AI-guided language, Pulse AI analysis","Optional (templates, AI, or original words)","Yes, safeguards for Google/Yelp rules, alerts for discrimination/harassment/safety issues, risk monitoring, HIPAA-compliant",No specific defensible model with citations; generic claims,"No, quote-based only","No, built for multi-location/enterprise","Multi-location scalability, AI insights, delivery integrations, user-friendly dashboard, excellent G2/Capterra ratings (4.5/5), centralized management praised","Customer support inconsistencies, social features limited/glitchy, inflexible contracts (no location reductions), not ideal for single-location or small/dynamic businesses, opaque pricing","[Chatmeter Pricing](https://www.chatmeter.com/pricing/), [Vendr Pricing Data](https://www.vendr.com/buyer-guides/chatmeter), [Chatmeter Restaurants](https://www.chatmeter.com/industries/restaurants/), [Restaurant Rep Mgmt Blog](https://www.chatmeter.com/resource/blog/best-restaurant-reputation-management-software/), [Review Gen Blog](https://www.chatmeter.com/resource/blog/best-review-generation-software/), [G2 Reviews](https://www.g2.com/products/chatmeter/reviews), [Capterra Reviews](https://www.capterra.com/p/168699/Chatmeter/reviews/), [Homepage](https://www.chatmeter.com/)"
